code,name,city,country,lat,lon
"ADD","Addis Ababa Bole International Airport","Addis Ababa","ET","8.9779","38.7993"
"AMS","Amsterdam Airport Schiphol","Amsterdam","NL","52.3086","4.7639"
"ARN","Stockholm-Arlanda Airport","Stockholm","SE","59.6519","17.9186"
"ATH","Eleftherios Venizelos International Airport","Athens","GR","37.9364","23.9445"
"ATL","Hartsfield Jackson Atlanta International Airport","Atlanta","US","33.6367","-84.4281"
"BCN","Barcelona International Airport","Barcelona","ES","41.2971","2.0785"
"BKK","Suvarnabhumi Airport","Bangkok","TH","13.6811","100.7470"
"BRU","Brussels Airport","Brussels","BE","50.9014","4.4844"
"BUD","Budapest Liszt Ferenc International Airport","Budapest","HU","47.4298","19.2611"
"CAI","Cairo International Airport","Cairo","EG","30.1219","31.4056"
"CDG","Charles de Gaulle International Airport","Paris","FR","49.0128","2.5500"
"CMN","Mohammed V International Airport","Casablanca","MA","33.3675","-7.5900"
"CPH","Copenhagen Kastrup Airport","Copenhagen","DK","55.6179","12.6560"
"DEL","Indira Gandhi International Airport","Delhi","IN","28.5665","77.1031"
"DEN","Denver International Airport","Denver","US","39.8617","-104.6730"
"DFW","Dallas Fort Worth International Airport","Dallas-Fort Worth","US","32.8968","-97.0380"
"DME","Domodedovo International Airport","Moscow","RU","55.4088","37.9063"
"DOH","Hamad International Airport","Doha","QA","25.2731","51.6081"
"DUB","Dublin Airport","Dublin","IE","53.4213","-6.2701"
"DXB","Dubai International Airport","Dubai","AE","25.2528","55.3644"
"FCO","Leonardo da Vinci–Fiumicino Airport","Rome","IT","41.8003","12.2389"
"FRA","Frankfurt am Main Airport","Frankfurt","DE","50.0333","8.5706"
"GRU","Guarulhos - Governador André Franco Montoro International Airport","Sao Paulo","BR","-23.4356","-46.4731"
"HEL","Helsinki Vantaa Airport","Helsinki","FI","60.3172","24.9633"
"HKG","Hong Kong International Airport","Hong Kong","HK","22.3089","113.9150"
"IAH","George Bush Intercontinental Houston Airport","Houston","US","29.9844","-95.3414"
"ICN","Incheon International Airport","Seoul","KR","37.4691","126.4510"
"IST","Istanbul Airport","Istanbul","TR","41.2753","28.7519"
"JED","King Abdulaziz International Airport","Jeddah","SA","21.6796","39.1565"
"JNB","OR Tambo International Airport","Johannesburg","ZA","-26.1392","28.2460"
"KUL","Kuala Lumpur International Airport","Kuala Lumpur","MY","2.7456","101.7100"
"LGW","London Gatwick Airport","London","GB","51.1481","-0.1903"
"LHR","London Heathrow Airport","London","GB","51.4706","-0.4619"
"LIS","Humberto Delgado Airport (Lisbon Portela Airport)","Lisbon","PT","38.7813","-9.1359"
"MEX","Licenciado Benito Juarez International Airport","Mexico City","MX","19.4363","-99.0721"
"MLA","Malta International Airport","Malta","MT","35.8575","14.4775"
"MNL","Ninoy Aquino International Airport","Manila","PH","14.5086","121.0200"
"MUC","Munich Airport","Munich","DE","48.3538","11.7861"
"NRT","Narita International Airport","Tokyo","JP","35.7647","140.3860"
"ORD","Chicago O'Hare International Airport","Chicago","US","41.9786","-87.9048"
"OSL","Oslo Lufthavn","Oslo","NO","60.1210","11.0502"
"PEK","Beijing Capital International Airport","Beijing","CN","40.0801","116.5850"
"PRG","Václav Havel Airport Prague","Prague","CZ","50.1008","14.2600"
"SIN","Singapore Changi Airport","Singapore","SG","1.3502","103.9940"
"SYD","Sydney Kingsford Smith International Airport","Sydney","AU","-33.9461","151.1770"
"TLV","Ben Gurion International Airport","Tel-aviv","IL","32.0114","34.8867"
"TPE","Taiwan Taoyuan International Airport","Taipei","TW","25.0777","121.2330"
"VIE","Vienna International Airport","Vienna","AT","48.1103","16.5697"
"WAW","Warsaw Chopin Airport","Warsaw","PL","52.1657","20.9671"
"YYC","Calgary International Airport","Calgary","CA","51.1139","-114.0200"
"YYZ","Lester B. Pearson International Airport","Toronto","CA","43.6772","-79.6306"
"ZRH","Zürich Airport","Zurich","CH","47.4647","8.5492"
