origin,destination
"ADD","ARN"
"ADD","BKK"
"ADD","CAI"
"ADD","CDG"
"ADD","DEL"
"ADD","DOH"
"ADD","DXB"
"ADD","FCO"
"ADD","FRA"
"ADD","HKG"
"ADD","IST"
"ADD","JED"
"ADD","JNB"
"ADD","LHR"
"ADD","PEK"
"ADD","TLV"
"ADD","YYZ"
"ARN","AMS"
"ARN","BCN"
"ARN","BRU"
"ARN","CDG"
"ARN","DUB"
"ARN","DXB"
"ARN","FCO"
"ARN","FRA"
"ARN","IST"
"ARN","LGW"
"ARN","LHR"
"ARN","MUC"
"ARN","ORD"
"ARN","PEK"
"ARN","VIE"
"ARN","ZRH"
"ATH","AMS"
"ATH","ARN"
"ATH","BCN"
"ATH","BRU"
"ATH","CDG"
"ATH","CPH"
"ATH","DME"
"ATH","DOH"
"ATH","DUB"
"ATH","DXB"
"ATH","FCO"
"ATH","FRA"
"ATH","IST"
"ATH","LGW"
"ATH","LHR"
"ATH","MUC"
"ATH","OSL"
"ATH","VIE"
"ATH","YYZ"
"ATH","ZRH"
"ATL","AMS"
"ATL","CDG"
"ATL","FRA"
"BCN","AMS"
"BCN","CDG"
"BCN","DME"
"BCN","DXB"
"BCN","FRA"
"BCN","IST"
"BCN","LGW"
"BCN","LHR"
"BCN","MUC"
"BKK","AMS"
"BKK","ARN"
"BKK","BRU"
"BKK","CDG"
"BKK","CPH"
"BKK","DME"
"BKK","DXB"
"BKK","FCO"
"BKK","FRA"
"BKK","HKG"
"BKK","ICN"
"BKK","IST"
"BKK","LHR"
"BKK","MUC"
"BKK","PEK"
"BKK","SIN"
"BKK","VIE"
"BKK","ZRH"
"BRU","AMS"
"BRU","ATL"
"BRU","BCN"
"BRU","CDG"
"BRU","DME"
"BRU","FCO"
"BRU","FRA"
"BRU","IST"
"BRU","LGW"
"BRU","LHR"
"BRU","MUC"
"BRU","ORD"
"BRU","PEK"
"BUD","AMS"
"BUD","ARN"
"BUD","ATH"
"BUD","BCN"
"BUD","BRU"
"BUD","CAI"
"BUD","CDG"
"BUD","CPH"
"BUD","DOH"
"BUD","DUB"
"BUD","FCO"
"BUD","FRA"
"BUD","HEL"
"BUD","IST"
"BUD","LGW"
"BUD","LHR"
"BUD","LIS"
"BUD","MLA"
"BUD","MUC"
"BUD","OSL"
"BUD","PRG"
"BUD","TLV"
"BUD","VIE"
"BUD","WAW"
"BUD","ZRH"
"CAI","AMS"
"CAI","ATH"
"CAI","BCN"
"CAI","BKK"
"CAI","BRU"
"CAI","CDG"
"CAI","CMN"
"CAI","CPH"
"CAI","DME"
"CAI","DOH"
"CAI","DXB"
"CAI","FCO"
"CAI","FRA"
"CAI","IST"
"CAI","JED"
"CAI","JNB"
"CAI","LHR"
"CAI","MUC"
"CAI","PEK"
"CAI","VIE"
"CAI","YYZ"
"CAI","ZRH"
"CDG","AMS"
"CDG","FRA"
"CMN","AMS"
"CMN","ARN"
"CMN","BCN"
"CMN","BRU"
"CMN","CDG"
"CMN","CPH"
"CMN","DOH"
"CMN","DXB"
"CMN","FCO"
"CMN","FRA"
"CMN","GRU"
"CMN","IST"
"CMN","JED"
"CMN","LGW"
"CMN","LHR"
"CMN","LIS"
"CMN","MUC"
"CMN","ZRH"
"CPH","AMS"
"CPH","ARN"
"CPH","BCN"
"CPH","BRU"
"CPH","CDG"
"CPH","DUB"
"CPH","DXB"
"CPH","FCO"
"CPH","FRA"
"CPH","IST"
"CPH","LGW"
"CPH","LHR"
"CPH","MUC"
"CPH","ORD"
"CPH","PEK"
"CPH","SIN"
"CPH","VIE"
"CPH","YYZ"
"CPH","ZRH"
"DEL","AMS"
"DEL","BKK"
"DEL","BRU"
"DEL","CDG"
"DEL","DOH"
"DEL","DXB"
"DEL","FCO"
"DEL","FRA"
"DEL","HKG"
"DEL","ICN"
"DEL","IST"
"DEL","JED"
"DEL","KUL"
"DEL","LHR"
"DEL","MUC"
"DEL","NRT"
"DEL","ORD"
"DEL","PEK"
"DEL","SIN"
"DEL","TPE"
"DEL","VIE"
"DEL","ZRH"
"DEN","ATL"
"DEN","DFW"
"DEN","FRA"
"DEN","IAH"
"DEN","LHR"
"DEN","ORD"
"DFW","AMS"
"DFW","ATL"
"DFW","CDG"
"DFW","FRA"
"DFW","ORD"
"DME","FRA"
"DME","MUC"
"DOH","AMS"
"DOH","ARN"
"DOH","BCN"
"DOH","BKK"
"DOH","BRU"
"DOH","CDG"
"DOH","CPH"
"DOH","DME"
"DOH","DXB"
"DOH","FCO"
"DOH","FRA"
"DOH","HKG"
"DOH","IAH"
"DOH","ICN"
"DOH","IST"
"DOH","LHR"
"DOH","MUC"
"DOH","ORD"
"DOH","PEK"
"DOH","SIN"
"DOH","VIE"
"DOH","ZRH"
"DUB","AMS"
"DUB","ATL"
"DUB","BCN"
"DUB","BRU"
"DUB","CDG"
"DUB","DXB"
"DUB","FCO"
"DUB","FRA"
"DUB","IST"
"DUB","LGW"
"DUB","LHR"
"DUB","MUC"
"DUB","ORD"
"DUB","YYZ"
"DXB","AMS"
"DXB","ATL"
"DXB","CDG"
"DXB","DFW"
"DXB","DME"
"DXB","FRA"
"DXB","IST"
"DXB","MUC"
"DXB","PEK"
"FCO","AMS"
"FCO","ATL"
"FCO","BCN"
"FCO","CDG"
"FCO","DME"
"FCO","DXB"
"FCO","FRA"
"FCO","IST"
"FCO","LGW"
"FCO","LHR"
"FCO","MUC"
"FCO","ORD"
"FCO","PEK"
"FRA","AMS"
"GRU","AMS"
"GRU","ATL"
"GRU","BCN"
"GRU","CDG"
"GRU","DFW"
"GRU","DOH"
"GRU","DXB"
"GRU","FCO"
"GRU","FRA"
"GRU","IAH"
"GRU","IST"
"GRU","LHR"
"GRU","LIS"
"GRU","MEX"
"GRU","MUC"
"GRU","ORD"
"GRU","YYZ"
"GRU","ZRH"
"HEL","AMS"
"HEL","ARN"
"HEL","ATH"
"HEL","BCN"
"HEL","BKK"
"HEL","BRU"
"HEL","CDG"
"HEL","CPH"
"HEL","DEL"
"HEL","DME"
"HEL","DUB"
"HEL","FCO"
"HEL","FRA"
"HEL","HKG"
"HEL","ICN"
"HEL","IST"
"HEL","LGW"
"HEL","LHR"
"HEL","LIS"
"HEL","MUC"
"HEL","NRT"
"HEL","OSL"
"HEL","PEK"
"HEL","PRG"
"HEL","SIN"
"HEL","VIE"
"HEL","ZRH"
"HKG","AMS"
"HKG","CDG"
"HKG","DME"
"HKG","DXB"
"HKG","FCO"
"HKG","FRA"
"HKG","IST"
"HKG","LHR"
"HKG","MUC"
"HKG","ORD"
"HKG","PEK"
"HKG","YYZ"
"HKG","ZRH"
"IAH","AMS"
"IAH","ATL"
"IAH","CDG"
"IAH","DFW"
"IAH","DME"
"IAH","DXB"
"IAH","FRA"
"IAH","IST"
"IAH","LHR"
"IAH","MUC"
"IAH","ORD"
"IAH","PEK"
"ICN","AMS"
"ICN","ATL"
"ICN","CDG"
"ICN","DFW"
"ICN","DXB"
"ICN","FCO"
"ICN","FRA"
"ICN","HKG"
"ICN","IAH"
"ICN","IST"
"ICN","LHR"
"ICN","MUC"
"ICN","ORD"
"ICN","PEK"
"ICN","VIE"
"ICN","YYZ"
"ICN","ZRH"
"IST","AMS"
"IST","CDG"
"IST","FRA"
"JED","CDG"
"JED","DOH"
"JED","DXB"
"JED","FCO"
"JED","FRA"
"JED","IST"
"JED","KUL"
"JED","LGW"
"JED","LHR"
"JED","SIN"
"JED","YYZ"
"JNB","AMS"
"JNB","ATL"
"JNB","BKK"
"JNB","CDG"
"JNB","DOH"
"JNB","DXB"
"JNB","FRA"
"JNB","GRU"
"JNB","HKG"
"JNB","IST"
"JNB","JED"
"JNB","LHR"
"JNB","MUC"
"JNB","PEK"
"JNB","SIN"
"JNB","SYD"
"JNB","ZRH"
"KUL","AMS"
"KUL","BKK"
"KUL","CDG"
"KUL","DOH"
"KUL","DXB"
"KUL","FRA"
"KUL","HKG"
"KUL","ICN"
"KUL","IST"
"KUL","LHR"
"KUL","PEK"
"KUL","SIN"
"LGW","AMS"
"LGW","CDG"
"LGW","DME"
"LGW","DXB"
"LGW","IST"
"LGW","MUC"
"LGW","PEK"
"LHR","AMS"
"LHR","ATL"
"LHR","CDG"
"LHR","DFW"
"LHR","DME"
"LHR","DXB"
"LHR","FRA"
"LHR","IST"
"LHR","MUC"
"LHR","ORD"
"LHR","PEK"
"LIS","AMS"
"LIS","ARN"
"LIS","BCN"
"LIS","BRU"
"LIS","CDG"
"LIS","CPH"
"LIS","DME"
"LIS","DUB"
"LIS","DXB"
"LIS","FCO"
"LIS","FRA"
"LIS","IST"
"LIS","LGW"
"LIS","LHR"
"LIS","MUC"
"LIS","OSL"
"LIS","VIE"
"LIS","YYZ"
"LIS","ZRH"
"MEX","AMS"
"MEX","ATL"
"MEX","CDG"
"MEX","DEN"
"MEX","DFW"
"MEX","FRA"
"MEX","IAH"
"MEX","LHR"
"MEX","MUC"
"MEX","NRT"
"MEX","ORD"
"MEX","YYZ"
"MLA","AMS"
"MLA","ARN"
"MLA","ATH"
"MLA","BCN"
"MLA","BRU"
"MLA","CDG"
"MLA","CPH"
"MLA","DME"
"MLA","DUB"
"MLA","DXB"
"MLA","FCO"
"MLA","FRA"
"MLA","IST"
"MLA","LGW"
"MLA","LHR"
"MLA","MUC"
"MLA","OSL"
"MLA","PRG"
"MLA","VIE"
"MLA","ZRH"
"MNL","BKK"
"MNL","DOH"
"MNL","DXB"
"MNL","HKG"
"MNL","ICN"
"MNL","JED"
"MNL","KUL"
"MNL","LHR"
"MNL","NRT"
"MNL","PEK"
"MNL","SIN"
"MNL","SYD"
"MNL","TPE"
"MUC","AMS"
"MUC","ATL"
"MUC","CDG"
"MUC","FRA"
"MUC","IST"
"MUC","ORD"
"MUC","PEK"
"NRT","AMS"
"NRT","ATL"
"NRT","BKK"
"NRT","CDG"
"NRT","CPH"
"NRT","DEN"
"NRT","DFW"
"NRT","DME"
"NRT","DOH"
"NRT","DXB"
"NRT","FCO"
"NRT","FRA"
"NRT","HKG"
"NRT","IAH"
"NRT","ICN"
"NRT","IST"
"NRT","KUL"
"NRT","LHR"
"NRT","ORD"
"NRT","PEK"
"NRT","SIN"
"NRT","VIE"
"NRT","YYZ"
"NRT","ZRH"
"ORD","AMS"
"ORD","ATL"
"ORD","CDG"
"ORD","FRA"
"ORD","IST"
"OSL","AMS"
"OSL","ARN"
"OSL","BCN"
"OSL","BKK"
"OSL","BRU"
"OSL","CDG"
"OSL","CPH"
"OSL","DOH"
"OSL","DUB"
"OSL","FCO"
"OSL","FRA"
"OSL","IST"
"OSL","LGW"
"OSL","LHR"
"OSL","MUC"
"OSL","VIE"
"OSL","ZRH"
"PEK","AMS"
"PEK","CDG"
"PEK","FRA"
"PEK","IST"
"PEK","ORD"
"PRG","AMS"
"PRG","ARN"
"PRG","ATH"
"PRG","BCN"
"PRG","BRU"
"PRG","CDG"
"PRG","CPH"
"PRG","DUB"
"PRG","DXB"
"PRG","FCO"
"PRG","FRA"
"PRG","ICN"
"PRG","IST"
"PRG","LGW"
"PRG","LHR"
"PRG","LIS"
"PRG","MUC"
"PRG","OSL"
"PRG","VIE"
"PRG","ZRH"
"SIN","AMS"
"SIN","BCN"
"SIN","CDG"
"SIN","DME"
"SIN","DXB"
"SIN","FCO"
"SIN","FRA"
"SIN","HKG"
"SIN","ICN"
"SIN","IST"
"SIN","LHR"
"SIN","MUC"
"SIN","PEK"
"SIN","ZRH"
"SYD","BKK"
"SYD","DEL"
"SYD","DFW"
"SYD","DXB"
"SYD","HKG"
"SYD","ICN"
"SYD","KUL"
"SYD","NRT"
"SYD","PEK"
"SYD","SIN"
"SYD","TPE"
"TLV","AMS"
"TLV","ARN"
"TLV","ATH"
"TLV","BCN"
"TLV","BKK"
"TLV","BRU"
"TLV","CAI"
"TLV","CDG"
"TLV","CPH"
"TLV","DME"
"TLV","FCO"
"TLV","FRA"
"TLV","HEL"
"TLV","HKG"
"TLV","ICN"
"TLV","IST"
"TLV","JNB"
"TLV","LGW"
"TLV","LHR"
"TLV","MUC"
"TLV","PEK"
"TLV","PRG"
"TLV","VIE"
"TLV","YYZ"
"TLV","ZRH"
"TPE","AMS"
"TPE","BKK"
"TPE","CDG"
"TPE","DXB"
"TPE","FRA"
"TPE","HKG"
"TPE","ICN"
"TPE","KUL"
"TPE","NRT"
"TPE","PEK"
"TPE","SIN"
"TPE","VIE"
"TPE","YYZ"
"VIE","AMS"
"VIE","BCN"
"VIE","BRU"
"VIE","CDG"
"VIE","DME"
"VIE","DUB"
"VIE","DXB"
"VIE","FCO"
"VIE","FRA"
"VIE","IST"
"VIE","LGW"
"VIE","LHR"
"VIE","MUC"
"VIE","ORD"
"VIE","PEK"
"VIE","YYZ"
"WAW","AMS"
"WAW","ARN"
"WAW","ATH"
"WAW","BCN"
"WAW","BRU"
"WAW","CDG"
"WAW","CPH"
"WAW","DOH"
"WAW","DUB"
"WAW","DXB"
"WAW","FCO"
"WAW","FRA"
"WAW","HEL"
"WAW","IST"
"WAW","LHR"
"WAW","LIS"
"WAW","MUC"
"WAW","ORD"
"WAW","OSL"
"WAW","PEK"
"WAW","PRG"
"WAW","TLV"
"WAW","VIE"
"WAW","YYZ"
"WAW","ZRH"
"YYC","AMS"
"YYC","DEN"
"YYC","DFW"
"YYC","FRA"
"YYC","IAH"
"YYC","LGW"
"YYC","LHR"
"YYC","NRT"
"YYC","ORD"
"YYC","YYZ"
"YYZ","AMS"
"YYZ","ATL"
"YYZ","BCN"
"YYZ","BRU"
"YYZ","CDG"
"YYZ","DEN"
"YYZ","DFW"
"YYZ","DXB"
"YYZ","FCO"
"YYZ","FRA"
"YYZ","IAH"
"YYZ","IST"
"YYZ","LGW"
"YYZ","LHR"
"YYZ","MUC"
"YYZ","ORD"
"YYZ","PEK"
"ZRH","AMS"
"ZRH","ATL"
"ZRH","BCN"
"ZRH","BRU"
"ZRH","CDG"
"ZRH","DME"
"ZRH","DUB"
"ZRH","DXB"
"ZRH","FCO"
"ZRH","FRA"
"ZRH","IST"
"ZRH","LGW"
"ZRH","LHR"
"ZRH","MUC"
"ZRH","ORD"
"ZRH","PEK"
"ZRH","VIE"
"ZRH","YYZ"
